titulo,precio,enlace
Herbalife Gels CoQ10Vita,50.63,https://natursur.herbalife.com/dmassets/market-reusable-assets/emea/spain/images/canister/pc-378k-es.png:tile-w405h566?fmt=webp-alpha
Sérum con 10% de Niacinamida de HL/Skin,55.7,https://natursur.herbalife.com/dmassets/market-reusable-assets/emea/spain/images/canister/pc-508k-es.png:tile-w405h566?fmt=webp-alpha
Crema de Ojos Nutritiva de HL/Skin,47.03,https://natursur.herbalife.com/dmassets/market-reusable-assets/emea/spain/images/canister/pc-515k-es.png:tile-w405h566?fmt=webp-alpha
Loción Nutritiva para Manos y Cuerpo de HL/Skin,27.95,https://natursur.herbalife.com/dmassets/market-reusable-assets/emea/spain/images/canister/pc-514k-es.png:tile-w405h566?fmt=webp-alpha
Gel Limpiador Renovador de HL/Skin,37.44,https://natursur.herbalife.com/dmassets/market-reusable-assets/emea/spain/images/canister/pc-511k-es.png:tile-w405h566?fmt=webp-alpha
Herbalife24 Prolong Gel Energético,26.33,https://natursur.herbalife.com/dmassets/market-reusable-assets/emea/spain/images/canister/pc-402k-es.png:tile-w405h566?fmt=webp-alpha
Rebuild Strength de Herbalife24,71.61,https://natursur.herbalife.com/dmassets/market-reusable-assets/emea/spain/images/canister/pc-403k-es.png:tile-w405h566?fmt=webp-alpha
Herbalife Gels MindVita Kids,44.78,https://natursur.herbalife.com/dmassets/market-reusable-assets/emea/spain/images/canister/pc-379k-es.png:tile-w405h566?fmt=webp-alpha
Herbalife Gels ViewVita,59.42,https://natursur.herbalife.com/dmassets/market-reusable-assets/emea/spain/images/canister/pc-376k-es.png:tile-w405h566?fmt=webp-alpha
Herbalife Gels NutrientVita Kids,20.39,https://natursur.herbalife.com/dmassets/market-reusable-assets/emea/spain/images/canister/pc-369k-es.png:tile-w405h566?fmt=webp-alpha
Bolsa de Regalo Premium,7.9,https://natursur.herbalife.com/dmassets/market-reusable-assets/emea/spain/images/canister/pc-1m53-es.png:tile-w405h566?fmt=webp-alpha
Bolsa de Regalo Premium,7.16,https://natursur.herbalife.com/dmassets/market-reusable-assets/emea/spain/images/canister/pc-1m52-es.png:tile-w405h566?fmt=webp-alpha
Bebida con Proteínas en Polvo,67.89,https://natursur.herbalife.com/dmassets/regional-reusable-assets/emea/images/product-canister/pc-2600-es-pt.png:tile-w405h566?fmt=webp-alpha
​​Collagen Skin Booster de Herbalife SKIN,78.52,https://natursur.herbalife.com/dmassets/regional-reusable-assets/emea/images/product-canister/pc-076k-es.png:tile-w405h566?fmt=webp-alpha
Phyto Complete,79.65,https://natursur.herbalife.com/dmassets/regional-reusable-assets/emea/images/product-canister/pc-236k-es.png:tile-w405h566?fmt=webp-alpha
Herbalife24 Creatine+,34.93,https://natursur.herbalife.com/dmassets/market-reusable-assets/emea/spain/images/canister/pc-488k-es.png:tile-w405h566?fmt=webp-alpha
Concentrado Herbal Aloe,50.67,https://natursur.herbalife.com/dmassets/regional-reusable-assets/emea/images/product-canister/pc-1065-es-pt.png:tile-w405h566?fmt=webp-alpha
Fórmula 1 Alimento Equilibrado,58.34,https://natursur.herbalife.com/dmassets/regional-reusable-assets/emea/images/product-canister/pc-4468-es.png:tile-w405h566?fmt=webp-alpha
"​​Avena, Manzana y Fibra​",35.73,https://natursur.herbalife.com/dmassets/regional-reusable-assets/emea/images/product-canister/pc-2554-es-pt.png:tile-w405h566?fmt=webp-alpha
Fórmula 3 Polvo de Proteínas Personalizado,47.47,https://natursur.herbalife.com/dmassets/regional-reusable-assets/emea/images/product-canister/pc-0242-es-pt.png:tile-w405h566?fmt=webp-alpha
Bebida Instantánea de Extracto de Té con Plantas Aromáticas,39.46,https://natursur.herbalife.com/dmassets/regional-reusable-assets/emea/images/product-canister/pc-167k-es-pt.png:tile-w405h566?fmt=webp-alpha
Bebida Instantánea de Extracto de Té con Plantas Aromáticas,71.02,https://natursur.herbalife.com/dmassets/regional-reusable-assets/emea/images/product-canister/pc-166k-es-pt.png:tile-w405h566?fmt=webp-alpha
Fórmula 1 Alimento Equilibrado,73.4,https://natursur.herbalife.com/dmassets/regional-reusable-assets/emea/images/product-canister/pc-048k-es.png:tile-w405h566?fmt=webp-alpha
Bebida Instantánea de Extracto de Té con Plantas Aromáticas,39.46,https://natursur.herbalife.com/dmassets/regional-reusable-assets/emea/images/product-canister/pc-168k-es-pt.png:tile-w405h566?fmt=webp-alpha
Fórmula 1 Alimento Equilibrado,58.34,https://natursur.herbalife.com/dmassets/regional-reusable-assets/emea/images/product-canister/pc-4465-es-pt.png:tile-w405h566?fmt=webp-alpha
Herbalifeline® Max,39.23,https://natursur.herbalife.com/dmassets/regional-reusable-assets/emea/images/product-canister/pc-0043-es-pt.png:tile-w405h566?fmt=webp-alpha
Bebida Instantánea de Extracto de Té con Plantas Aromáticas,39.46,https://natursur.herbalife.com/dmassets/regional-reusable-assets/emea/images/product-canister/pc-169k-es-pt.png:tile-w405h566?fmt=webp-alpha
Fórmula 1 Alimento Equilibrado,58.34,https://natursur.herbalife.com/dmassets/regional-reusable-assets/emea/images/product-canister/pc-4467-es.png:tile-w405h566?fmt=webp-alpha
Gua Sha de Jade Blanco,10.59,https://natursur.herbalife.com/dmassets/market-reusable-assets/emea/spain/images/canister/pc-1m59-es.png:tile-w405h566?fmt=webp-alpha
Set de Diademas de Algodón (Paquete de 2 unidades),8.66,https://natursur.herbalife.com/dmassets/market-reusable-assets/emea/spain/images/canister/pc-1m58-es.png:tile-w405h566?fmt=webp-alpha
​​​Libro de recetas de Herbalife Volumen 2​​,12.2,https://natursur.herbalife.com/dmassets/regional-reusable-assets/emea/images/product-canister/pc-3c10-gb.png:tile-w405h566?fmt=webp-alpha
Crema Tensora Ultimate de HL/Skin,61.88,https://natursur.herbalife.com/dmassets/market-reusable-assets/emea/spain/images/canister/pc-513k-es.png:tile-w405h566?fmt=webp-alpha
Desayuno Saludable​,148.47,https://natursur.herbalife.com/dmassets/regional-reusable-assets/emea/images/product-canister/pc-2590-es.png:tile-w405h566?fmt=webp-alpha
​​Mascarilla Purificante de Arcilla con Menta de Herbalife SKIN​,25.34,https://natursur.herbalife.com/dmassets/regional-reusable-assets/emea/images/product-canister/pc-0773-it-es-pt.png:tile-w405h566?fmt=webp-alpha
Fórmula 1 Alimento Equilibrado,58.34,https://natursur.herbalife.com/dmassets/regional-reusable-assets/emea/images/product-canister/pc-4466-es.png:tile-w405h566?fmt=webp-alpha
Barritas Fórmula 1 Express,29.5,https://natursur.herbalife.com/dmassets/regional-reusable-assets/emea/images/product-canister/pc-4472-es-pt.png:tile-w405h566?fmt=webp-alpha
Fórmula 1 Alimento Equilibrado,58.34,https://natursur.herbalife.com/dmassets/regional-reusable-assets/emea/images/product-canister/pc-4471-es-pt.png:tile-w405h566?fmt=webp-alpha
Fórmula 1 Alimento Equilibrado,58.34,https://natursur.herbalife.com/dmassets/market-reusable-assets/emea/spain/images/canister/pc-336k-es.png:tile-w405h566?fmt=webp-alpha
Desayuno Saludable​,148.47,https://natursur.herbalife.com/dmassets/regional-reusable-assets/emea/images/product-canister/pc-2589-es.png:tile-w405h566?fmt=webp-alpha
Desayuno Saludable​,148.47,https://natursur.herbalife.com/dmassets/regional-reusable-assets/emea/images/product-canister/pc-2588-es.png:tile-w405h566?fmt=webp-alpha
​​Acondicionador Fortalecedor de Herbal Aloe,17.25,https://natursur.herbalife.com/dmassets/regional-reusable-assets/emea/images/product-canister/pc-2565-emea.png:tile-w405h566?fmt=webp-alpha
Champú Fortalecedor de Herbal Aloe,17.25,https://natursur.herbalife.com/dmassets/regional-reusable-assets/emea/images/product-canister/pc-2564-emea.png:tile-w405h566?fmt=webp-alpha
Protein Chips,25.48,https://natursur.herbalife.com/dmassets/regional-reusable-assets/emea/images/product-canister/pc-141k-es-pt.png:tile-w405h566?fmt=webp-alpha
AloeMax,57.0,https://natursur.herbalife.com/dmassets/regional-reusable-assets/emea/images/product-canister/pc-1196-es.png:tile-w405h566?fmt=webp-alpha
Loción de Manos y Cuerpo de Herbal Aloe,17.01,https://natursur.herbalife.com/dmassets/regional-reusable-assets/emea/images/product-canister/pc-2563-emea.png:tile-w405h566?fmt=webp-alpha
Bebida Instantánea de Extracto de Té con Plantas Aromáticas,39.46,https://natursur.herbalife.com/dmassets/regional-reusable-assets/emea/images/product-canister/pc-165k-es-pt.png:tile-w405h566?fmt=webp-alpha
​​Barritas de Proteínas Achieve de Herbalife24®​,21.7,https://natursur.herbalife.com/dmassets/regional-reusable-assets/emea/images/product-canister/pc-150k-es-pt.png:tile-w405h566?fmt=webp-alpha
​​Barritas con Proteínas​,26.92,https://natursur.herbalife.com/dmassets/regional-reusable-assets/emea/images/product-canister/pc-3976-es-pt.png:tile-w405h566?fmt=webp-alpha
​​Barritas con Proteínas​,26.92,https://natursur.herbalife.com/dmassets/regional-reusable-assets/emea/images/product-canister/pc-3968-es-pt.png:tile-w405h566?fmt=webp-alpha
Desayuno Saludable​,148.47,https://natursur.herbalife.com/dmassets/regional-reusable-assets/emea/images/product-canister/pc-3391-es.png:tile-w405h566?fmt=webp-alpha
Desayuno Saludable​,148.47,https://natursur.herbalife.com/dmassets/regional-reusable-assets/emea/images/product-canister/pc-044Z-es.png:tile-w405h566?fmt=webp-alpha
Desayuno Saludable​,148.47,https://natursur.herbalife.com/dmassets/regional-reusable-assets/emea/images/product-canister/pc-3393-es.png:tile-w405h566?fmt=webp-alpha
Desayuno Saludable​,148.47,https://natursur.herbalife.com/dmassets/regional-reusable-assets/emea/images/product-canister/pc-3392-es.png:tile-w405h566?fmt=webp-alpha
Desayuno Saludable​,163.53,https://natursur.herbalife.com/dmassets/regional-reusable-assets/emea/images/product-canister/pc-052Z-es.png:tile-w405h566?fmt=webp-alpha
Bebida Vegana con Proteínas en Polvo,64.66,https://natursur.herbalife.com/dmassets/regional-reusable-assets/emea/images/product-canister/pc-172k-es-pt.png:tile-w405h566?fmt=webp-alpha
Fórmula 1 Alimento Equilibrado,58.34,https://natursur.herbalife.com/dmassets/regional-reusable-assets/emea/images/product-canister/pc-4463-es-pt.png:tile-w405h566?fmt=webp-alpha
Immune Booster,47.53,https://natursur.herbalife.com/dmassets/regional-reusable-assets/emea/images/product-canister/pc-233k-es-pt.png:tile-w405h566?fmt=webp-alpha
Fórmula 1 Alimento Equilibrado,24.3,https://natursur.herbalife.com/dmassets/regional-reusable-assets/emea/images/product-canister/pc-053k-es.png:tile-w405h566?fmt=webp-alpha
Tri Blend Select,83.7,https://natursur.herbalife.com/dmassets/regional-reusable-assets/emea/images/product-canister/pc-013k-emea.png:tile-w405h566?fmt=webp-alpha
​​Crema Hidratante con FPS30 de Herbalife SKIN​,58.19,https://natursur.herbalife.com/dmassets/regional-reusable-assets/emea/images/product-canister/pc-0828-it-es-pt.png:tile-w405h566?fmt=webp-alpha
Fórmula 1 Alimento Equilibrado,24.3,https://natursur.herbalife.com/dmassets/regional-reusable-assets/emea/images/product-canister/pc-228k-emea.png:tile-w405h566?fmt=webp-alpha
Barritas Fórmula 1 Express,29.5,https://natursur.herbalife.com/dmassets/market-reusable-assets/emea/spain/images/canister/pc-4473-es.png:tile-w405h566?fmt=webp-alpha
LiftOff®,38.15,https://natursur.herbalife.com/dmassets/regional-reusable-assets/emea/images/product-canister/pc-3152-es-pt.png:tile-w405h566?fmt=webp-alpha
Fórmula 1 Alimento Equilibrado,58.34,https://natursur.herbalife.com/dmassets/regional-reusable-assets/emea/images/product-canister/pc-4462-es-pt.png:tile-w405h566?fmt=webp-alpha
Concentrado Herbal Aloe,50.67,https://natursur.herbalife.com/dmassets/regional-reusable-assets/emea/images/product-canister/pc-0006-es-pt.png:tile-w405h566?fmt=webp-alpha
CR7 Drive de Herbalife24®,15.0,https://natursur.herbalife.com/dmassets/regional-reusable-assets/emea/images/product-canister/pc-1467-es-pt.png:tile-w405h566?fmt=webp-alpha
​​Restore de Herbalife24®​,38.52,https://natursur.herbalife.com/dmassets/regional-reusable-assets/emea/images/product-canister/pc-1424-es.png:tile-w405h566?fmt=webp-alpha
Paquete de prueba,15.35,https://natursur.herbalife.com/dmassets/regional-reusable-assets/emea/images/product-canister/pc-8b25-emea.png:tile-w405h566?fmt=webp-alpha
Multicuchara de Herbalife,2.25,https://natursur.herbalife.com/dmassets/market-reusable-assets/emea/spain/images/canister/pc-9b48-es.png:tile-w405h566?fmt=webp-alpha
Xtra-Cal®,21.92,https://natursur.herbalife.com/dmassets/regional-reusable-assets/emea/images/product-canister/pc-2032-es.png:tile-w405h566?fmt=webp-alpha
​​Fórmula 2 Complejo de vitaminas y minerales para hombre​,28.41,https://natursur.herbalife.com/dmassets/regional-reusable-assets/emea/images/product-canister/pc-264k-es.png:tile-w405h566?fmt=webp-alpha
High Protein Iced Coffee,67.66,https://natursur.herbalife.com/dmassets/regional-reusable-assets/emea/images/product-canister/pc-012k-emea.png:tile-w405h566?fmt=webp-alpha
Protein Chips,25.48,https://natursur.herbalife.com/dmassets/regional-reusable-assets/emea/images/product-canister/pc-142k-es-pt.png:tile-w405h566?fmt=webp-alpha
Cuchara Sostenible para Night Mode / Collagen Skin Booster,1.0,https://natursur.herbalife.com/dmassets/regional-reusable-assets/emea/images/product-canister/pc-2b08-emea.png:tile-w405h566?fmt=webp-alpha
Hydrate de Herbalife24®​,40.05,https://natursur.herbalife.com/dmassets/regional-reusable-assets/emea/images/product-canister/pc-1433-es-pt.png:tile-w405h566?fmt=webp-alpha
Fórmula 1 Alimento Equilibrado,24.3,https://natursur.herbalife.com/dmassets/regional-reusable-assets/emea/images/product-canister/pc-229k-emea.png:tile-w405h566?fmt=webp-alpha
​​Fórmula 2 Complejo de vitaminas y minerales para mujer​,28.41,https://natursur.herbalife.com/dmassets/regional-reusable-assets/emea/images/product-canister/pc-265k-es.png:tile-w405h566?fmt=webp-alpha
Bebida Vegana con Proteínas en Polvo,28.28,https://natursur.herbalife.com/dmassets/market-reusable-assets/emea/spain/images/canister/pc-441k-es.png:tile-w405h566?fmt=webp-alpha
​​Barritas de Proteínas Achieve de Herbalife24®​,21.7,https://natursur.herbalife.com/dmassets/regional-reusable-assets/emea/images/product-canister/pc-149k-es-pt.png:tile-w405h566?fmt=webp-alpha
Desayuno Saludable​,148.47,https://natursur.herbalife.com/dmassets/regional-reusable-assets/emea/images/product-canister/pc-598Z-es.png:tile-w405h566?fmt=webp-alpha
Fórmula 1 Alimento Equilibrado,58.34,https://natursur.herbalife.com/dmassets/regional-reusable-assets/emea/images/product-canister/pc-4469-es.png:tile-w405h566?fmt=webp-alpha
Gel de Baño para Manos y Cuerpo de Herbal Aloe,17.4,https://natursur.herbalife.com/dmassets/regional-reusable-assets/emea/images/product-canister/pc-2561-emea.png:tile-w405h566?fmt=webp-alpha
Active Mind Complex,51.22,https://natursur.herbalife.com/dmassets/regional-reusable-assets/emea/images/product-canister/pc-243k-es.png:tile-w405h566?fmt=webp-alpha
Súper Coctelera Verde de Herbalife,10.56,https://natursur.herbalife.com/dmassets/regional-reusable-assets/emea/images/product-canister/pc-8697-emea.png:tile-w405h566?fmt=webp-alpha
Niteworks®,104.15,https://natursur.herbalife.com/dmassets/regional-reusable-assets/emea/images/product-canister/pc-3150-es-pt.png:tile-w405h566?fmt=webp-alpha
CR7 Drive de Herbalife24®,24.86,https://natursur.herbalife.com/dmassets/regional-reusable-assets/emea/images/product-canister/pc-1466-es-pt.png:tile-w405h566?fmt=webp-alpha
LiftOff® Max de Herbalife24®,35.43,https://natursur.herbalife.com/dmassets/market-reusable-assets/emea/spain/images/canister/pc-192k-es.png:tile-w405h566?fmt=webp-alpha
Neceser,24.81,https://natursur.herbalife.com/dmassets/market-reusable-assets/emea/spain/images/canister/pc-1m51-es.png:tile-w405h566?fmt=webp-alpha
Cepillo Limpiador de Silicona,7.78,https://natursur.herbalife.com/dmassets/market-reusable-assets/emea/spain/images/canister/pc-1m60-es.png:tile-w405h566?fmt=webp-alpha
Juego de Espátulas (Paquete de 2 unidades),5.17,https://natursur.herbalife.com/dmassets/market-reusable-assets/emea/spain/images/canister/pc-1m55-es.png:tile-w405h566?fmt=webp-alpha
Night Mode,59.11,https://natursur.herbalife.com/dmassets/regional-reusable-assets/emea/images/product-canister/pc-282k-es-pt.png:tile-w405h566?fmt=webp-alpha
Cuchara Sostenible para Beta heart® / Rebuild Strength® H24,1.0,https://natursur.herbalife.com/dmassets/regional-reusable-assets/emea/images/product-canister/pc-1b42-emea.png:tile-w405h566?fmt=webp-alpha
Toallas Faciales (Paquete de 2 unidades),14.52,https://natursur.herbalife.com/dmassets/market-reusable-assets/emea/spain/images/canister/pc-1m57-es.png:tile-w405h566?fmt=webp-alpha
​​Súper Coctelera Herbalife24®​,10.9,https://natursur.herbalife.com/dmassets/regional-reusable-assets/emea/images/product-canister/pc-8705-emea.png:tile-w405h566?fmt=webp-alpha
​​Botella Deportiva 750 Herbalife24®​,8.26,https://natursur.herbalife.com/dmassets/regional-reusable-assets/emea/images/product-canister/pc-8710-emea.png:tile-w405h566?fmt=webp-alpha
​​Crema Revitalizante de Noche de Herbalife SKIN​,58.19,https://natursur.herbalife.com/dmassets/regional-reusable-assets/emea/images/product-canister/pc-0827-it-es-pt.png:tile-w405h566?fmt=webp-alpha
Tri Blend Select,83.7,https://natursur.herbalife.com/dmassets/regional-reusable-assets/emea/images/product-canister/pc-052k-emea.png:tile-w405h566?fmt=webp-alpha
Cuchara sostenible para High Protein Iced Coffee,1.0,https://natursur.herbalife.com/dmassets/market-reusable-assets/emea/spain/images/canister/pc-2b14-es.png:tile-w405h566?fmt=webp-alpha
​​Tabletero Pequeño Individual Herbalife​,1.86,https://natursur.herbalife.com/dmassets/regional-reusable-assets/emea/images/product-canister/pc-a727-emea.png:tile-w405h566?fmt=webp-alpha
Botella Deportiva CR7 Drive,7.7,https://natursur.herbalife.com/dmassets/regional-reusable-assets/emea/images/product-canister/pc-245a-emea.png:tile-w405h566?fmt=webp-alpha
